{
  "world_from_foot": {
    "left": [
      [
        0.97765255,
        -0.19007879,
        0,
        -0.048720572
      ],
      [
        0.19003481,
        0.97787875,
        0,
        -0.12595966
      ],
      [
        0,
        0,
        0.97309488,
        0
      ],
      [
        0,
        0,
        0,
        1
      ]
    ],
    "right": [
      [
        0.992982,
        0.076223738,
        0,
        0.074016862
      ],
      [
        -0.076205388,
        0.993221,
        0,
        -0.1183265
      ],
      [
        0,
        0,
        0.97309482,
        0
      ],
      [
        0,
        0,
        0,
        1
      ]
    ]
  },
  "world_from_ground": [
    [
      0.411093,
      0,
      0,
      0
    ],
    [
      0,
      0.411093,
      0,
      0
    ],
    [
      0,
      0,
      0.411093,
      0
    ],
    [
      0,
      0,
      0,
      1
    ]
  ]
}